,DBPath,Correct Number Clusters
0,D:\Z - Saved SQL Databases\44OP-075294 SAMC New Const Ph 3 4 5\JobDB.mdf,4
1,D:\Z - Saved SQL Databases\44OP-002754 TXSU Flowers\JobDB.mdf,7
2,D:\Z - Saved SQL Databases\44OP-080108_Austin_Treasury\JobDB.mdf,7
3,D:\Z - Saved SQL Databases\44OP-087407_UT_LIBERAL_ARTS\JobDB.mdf,23
4,D:\Z - Saved SQL Databases\44OP-127491_MCC_CSC_BLDG_F\JobDB.mdf,6
5,D:\Z - Saved SQL Databases\44OP-138815_TXSU_CoGen_Plant_BAS_Mods\JobDB.mdf,61
6,D:\Z - Saved SQL Databases\44OP-150580_NEC_Lakeline\JobDB.mdf,6
7,D:\Z - Saved SQL Databases\44OP-123360_S&W_POB\JobDB.mdf,18
8,D:\Z - Saved SQL Databases\44OP-124719_TAMU_Library\JobDB.mdf,40
9,D:\Z - Saved SQL Databases\44OP-150108_TAMUHSC_MRB_MBC_FF\JobDB.mdf,40
10,D:\Z - Saved SQL Databases\44OP-150108_TAMUHSC_MRB_MBC_FF\JobDB.mdf,40
11,D:\Z - Saved SQL Databases\44OP-160910_BU_Tidwell_Basement\JobDB.mdf,9
12,D:\Z - Saved SQL Databases\44OP-093324_Baylor_Bric_Bldg\JobDB.mdf,56
13,D:\Z - Saved SQL Databases\44OP-134749_ACC_JCP_Highland_Mall\JobDB.mdf,17
14,D:\Z - Saved SQL Databases\44OP-159826_BU_Soccer\JobDB.mdf,11
15,D:\Z - Saved SQL Databases\44OP-131383_SDMC_Surgery_Reno_PH2&3\JobDB.mdf,10
16,D:\Z - Saved SQL Databases\44OP-146118_ACC_RR_BLDG_3000_Boiler_Mods\JobDB.mdf,3
17,D:\Z - Saved SQL Databases\44OP-119299_ACC_Hays\JobDB.mdf,85
18,D:\Z - Saved SQL Databases\44OP-155663_Baylor_BRIC_EHS\JobDB.mdf,63
19,D:\Z - Saved SQL Databases\44OP-143320_NAMC_Antepartum\JobDB.mdf,38
20,D:\Z - Saved SQL Databases\44OP-138902_Seton_HL_MRI_Addition\JobDB.mdf,4
21,D:\Z - Saved SQL Databases\44OP-147511_Seton_NW_Chiller_Replacement\JobDB.mdf,19
22,D:\Z - Saved SQL Databases\44OP-150984_Cirrus_Research old\JobDB.mdf,19
23,D:\Z - Saved SQL Databases\44OP-154285_UT_EERC_MTC\JobDB.mdf,8
24,D:\Z - Saved SQL Databases\44OP-152745_INTEL_AN4_COMPRESSOR\JobDB.mdf,48
25,D:\Z - Saved SQL Databases\44OP-147217_HCA_Cedar_Park_FSED\JobDB.mdf,10
26,D:\Z - Saved SQL Databases\44OP-159849_UT_EERC_old\JobDB.mdf,245
27,D:\Z - Saved SQL Databases\44OP-163025_UT_TEST_BENCH\JobDB.mdf,1
28,D:\Z - Saved SQL Databases\44OP-153537_NAMC_PEDS\JobDB.mdf,1
29,D:\Z - Saved SQL Databases\44OP-130108_UT_Geography_Bldg\JobDB.mdf,21
30,D:\Z - Saved SQL Databases\44OP-103884_ACC_Elgin\JobDB.mdf,26
31,D:\Z - Saved SQL Databases\44OP-147028_UT_GEO_Package_6\JobDB.mdf,9
32,D:\Z - Saved SQL Databases\44OP-165943_Cirrus_Logic_HQ_Ph_2\JobDB.mdf,16
33,D:\Z - Saved SQL Databases\44OP-166059_Baylor_Elliston_Chapel\JobDB.mdf,2
34,D:\Z - Saved SQL Databases\44OP-170006_TXSU_Jones_Dining_Hall_Reno_chase\JobDB.mdf,25
35,D:\Z - Saved SQL Databases\44OP-142255_TFC_NSOC\JobDB.mdf,7
36,D:\Z - Saved SQL Databases\44OP-151758_Baylor_Business_School\JobDB.mdf,67
37,D:\Z - Saved SQL Databases\44OP-156674_RRMC_NUC_CATH\JobDB.mdf,6
38,D:\Z - Saved SQL Databases\44OP-150984_Cirrus_Research\JobDB.mdf,31
39,D:\Z - Saved SQL Databases\44OP-156184_TFC_INS_PDB\JobDB.mdf,9
40,D:\Z - Saved SQL Databases\44OP-143748_UT_EERC\JobDB.mdf,39
41,D:\Z - Saved SQL Databases\44OP-146488_TFC_DSHS_A600_Labs_Ph3\JobDB.mdf,16
42,D:\Z - Saved SQL Databases\44OP-140618_TAMU_CC_Dining_Hall\JobDB.mdf,2
43,D:\Z - Saved SQL Databases\44OP-154233_BU_Penland_Hall_Dining\JobDB.mdf,47
44,D:\Z - Saved SQL Databases\44OP-155245_BRIC_Region_12_ESC\JobDB.mdf,81
45,D:\Z - Saved SQL Databases\44OP-159998 Jamie\JobDB.mdf,47
46,D:\Z - Saved SQL Databases\44OP-159849 EERC-CHASE\JobDB.mdf,5
47,D:\Z - Saved SQL Databases\44OP-162224_MCC_CSC_Module_A_RTU\JobDB.mdf,11
48,D:\Z - Saved SQL Databases\44OP-171481_100_Congress_Civitas\JobDB.mdf,3
49,D:\Z - Saved SQL Databases\44OP-127929_Baylor_Planters_House\JobDB.mdf,1
50,D:\Z - Saved SQL Databases\44OP-168489_Baylor_Fast_Forward\JobDB.mdf,123
51,D:\Z - Saved SQL Databases\44OP-117216_UMHB_Stadium\JobDB.mdf,75
52,D:\Z - Saved SQL Databases\44OP-148606_BU_RANEY_SMITH\JobDB.mdf,15
53,D:\Z - Saved SQL Databases\44OP-170006_TXSU_Jones_Dining_Hall_Reno\JobDB.mdf,39
54,D:\Z - Saved SQL Databases\44OP-169562_Prudential_Overall_Supply\JobDB.mdf,1
55,D:\Z - Saved SQL Databases\44OP-158160_Baylor_Armstrong_Browning_AHU\JobDB.mdf,2
56,D:\Z - Saved SQL Databases\44OP-167838_Baylor_Athletic_Nutrition\JobDB.mdf,25
57,D:\Z - Saved SQL Databases\44OP-159356_TSC_ITECC\JobDB.mdf,4
58,D:\Z - Saved SQL Databases\44OP-145864_SDMC_32nd_AHU_Replacement\JobDB.mdf,3
59,D:\Z - Saved SQL Databases\44OP-138488_TFC_LBJ_DMP_Phase_1\JobDB.mdf,16
60,D:\Z - Saved SQL Databases\44OP-167901_Intel_AN4_3B\JobDB.mdf,4
61,D:\Z - Saved SQL Databases\44OP-124807_TFC_Moreton\JobDB.mdf,34
62,D:\Z - Saved SQL Databases\44OP-159991 Neighbors\JobDB.mdf,6
63,D:\Z - Saved SQL Databases\44OP-169908_Seton_HL_New_OA_Units\JobDB.mdf,2
64,D:\Z - Saved SQL Databases\44OP-152078_AT&T_LABS MBC\JobDB.mdf,85
65,D:\Z - Saved SQL Databases\44OP-167361_TFC_ DSHS_Fast_Forward\JobDB.mdf,16
66,D:\Z - Saved SQL Databases\44OP-102233_Seton_HL_Chiller\JobDB.mdf,2
67,D:\Z - Saved SQL Databases\44OP-168475_UT_Townes_Hall_HVAC_Proj_Ph_2\JobDB.mdf,7
68,D:\Z - Saved SQL Databases\44OP-146257_Baylor_Track\JobDB.mdf,27
69,D:\Z - Saved SQL Databases\44OP-149430-TFC_JHW_Monitor_DC\JobDB.mdf,86
70,D:\Z - Saved SQL Databases\44OP-154286_Intel_AN4_Data_Center\JobDB.mdf,29
71,D:\Z - Saved SQL Databases\44OP-166628_Baylor_BRIC_Dr_Birkeland\JobDB.mdf,3
72,D:\Z - Saved SQL Databases\44OP-170871_SDMC_MRI_Addition\JobDB.mdf,1
73,D:\Z - Saved SQL Databases\44OP-147230_TFC_WBT_and_SFA\JobDB.mdf,66
74,D:\Z - Saved SQL Databases\44OP-159849 UT EERC-ECJ 2nd Flr\JobDB.mdf,39
75,D:\Z - Saved SQL Databases\44OP-151233_SAMC_Pharmacy_Reno\JobDB.mdf,8
76,D:\Z - Saved SQL Databases\44OP-159998CHASE\JobDB.mdf,69
77,D:\Z - Saved SQL Databases\44OP-148387_BU_FORMAN_LAB\JobDB.mdf,6
78,D:\Z - Saved SQL Databases\44OP-154681_Baylor_BRIC_OAHU_E2\JobDB.mdf,87
79,D:\Z - Saved SQL Databases\44OP-120702_Seton_HL_Nuclear\JobDB.mdf,1
80,D:\Z - Saved SQL Databases\44OP-112425_East_Village_North\JobDB.mdf,27
81,D:\Z - Saved SQL Databases\44OP-159849 EERC\JobDB.mdf,290
82,D:\Z - Saved SQL Databases\44OP-162206_MCC_CSC_Module_E_Chiller\JobDB.mdf,2
83,D:\Z - Saved SQL Databases\44OP-135704_BU_South_Russell\JobDB.mdf,24
84,D:\Z - Saved SQL Databases\44OP-129261_100_Congress_Central_Plant_Upgrade\JobDB.mdf,31
85,D:\Z - Saved SQL Databases\44OP-171494_Baylor_BRIC_Dr_Rylander\JobDB.mdf,157
86,D:\Z - Saved SQL Databases\44OP-106650_SETON_NW_OR\JobDB.mdf,9
87,D:\Z - Saved SQL Databases\44OP-156522_TxDOT_Acid_Hood\JobDB.mdf,35
88,D:\Z - Saved SQL Databases\44OP-159998 HMSL Expansion BP1\JobDB.mdf,41
89,D:\Z - Saved SQL Databases\44OP-166320_TXSU_MSH\JobDB.mdf,32
90,D:\Z - Saved SQL Databases\44OP-164908_UT_Dell_Medical_School_Research_Building\JobDB.mdf,37
91,D:\Z - Saved SQL Databases\44OP-156536_BU_North_Russell\JobDB.mdf,42
92,D:\Z - Saved SQL Databases\44OP-140409_SAMC_BMT_Oncology\JobDB.mdf,7
93,D:\Z - Saved SQL Databases\44OP-148596_UT_Townes_Hall\JobDB.mdf,17
94,D:\Z - Saved SQL Databases\44OP-170036_UT_Townes_Hall_HVAC_Proj_Ph_2\JobDB.mdf,8
95,D:\Z - Saved SQL Databases\44OP-149635_Baylor_Migrations\JobDB.mdf,16
96,D:\Z - Saved SQL Databases\44OP-136475_UT_HRC\JobDB.mdf,31
97,D:\Z - Saved SQL Databases\44OP-167712_Block_23_Greenwater_Office_Bldg\JobDB.mdf,64
98,D:\Z - Saved SQL Databases\44OP-159393_SDMC_32nd_PH_5\JobDB.mdf,1
99,D:\Z - Saved SQL Databases\44OP-132975_TFC_Rudder_Building\JobDB.mdf,13
100,D:\Z - Saved SQL Databases\44OP-150007_Cirrus_Logic_Ph2\JobDB.mdf,12
101,D:\Z - Saved SQL Databases\44OP-181789_TXSU_MCS\JobDB.mdf,7
102,D:\Z - Saved SQL Databases\44OP-198461_TXSU_Lantana CHW\JobDB.mdf,4
103,D:\Z - Saved SQL Databases\44OP-197274_TXSU_Ag_Bldg\JobDB.mdf,2
104,D:\Z - Saved SQL Databases\44OP-181323_Sabinal_Renovation\JobDB.mdf,12
105,D:\Z - Saved SQL Databases\44OP-176407_TFC_DSHS_LAB_MBC_29_VFDS_AHU_2\JobDB.mdf,15
106,D:\Z - Saved SQL Databases\44OP-179696_TXSU_Star_One_Addition\JobDB.mdf,45
107,D:\Z - Saved SQL Databases\44OP-173327_Baylor_Memorial_Dorm_Dining_Hall\JobDB.mdf,10
108,D:\Z - Saved SQL Databases\44OP-185054_Baylor_Old_Main\JobDB.mdf,5
109,D:\Z - Saved SQL Databases\44OP-176715_Seton\JobDB.mdf,807
110,D:\Z - Saved SQL Databases\44OP-178936_ACC_Bond_Service_Center_Controls\JobDB.mdf,9
111,D:\Z - Saved SQL Databases\44OP-172850_RRMC_Hybrid_OR\JobDB.mdf,2
112,D:\Z - Saved SQL Databases\44OP-196125_TXSU_Strahan_AHU11\JobDB.mdf,1
113,D:\Z - Saved SQL Databases\44OP-208597_ACC_Leander_Campus\JobDB.mdf,152
114,D:\Z - Saved SQL Databases\44OP-186227_Baylor_Hankamer\JobDB.mdf,37
115,D:\Z - Saved SQL Databases\44OP-195316_SAMC_3rd Floor PH_2_Renovation\JobDB.mdf,9
116,D:\Z - Saved SQL Databases\44OP-209545_TFC_LBJ_AHU_Repl_DM2016\JobDB.mdf,46
117,D:\Z - Saved SQL Databases\44OP-176796_Solarwinds_Ph_2\JobDB.mdf,4
118,D:\Z - Saved SQL Databases\44OP-183291_SAMC_Flr_3_Reno_Ph_1\JobDB.mdf,8
119,D:\Z - Saved SQL Databases\44OP-190047_TFC_Hobby\JobDB.mdf,24
120,D:\Z - Saved SQL Databases\44OP-175920_UT_BME_Dr_Peppas_Lab\JobDB.mdf,52
121,D:\Z - Saved SQL Databases\44OP-207960_TXSU_LBJ_Student_Center_Reno\JobDB.mdf,104
122,D:\Z - Saved SQL Databases\44OP-199631_TXSU_Retama_Hall_Reno\JobDB.mdf,23
123,D:\Z - Saved SQL Databases\44OP-210011_BRIC_Dr_Kim_Clean_Rm\JobDB.mdf,11
124,D:\Z - Saved SQL Databases\44OP-194853_MCC_Highland_Gym\JobDB.mdf,2
125,D:\Z - Saved SQL Databases\44OP-197274 TXSU Ag Bldg Rm 225\JobDB.mdf,2
126,D:\Z - Saved SQL Databases\44OP-173377_TFC_IAQ_P35-E\JobDB.mdf,12
127,D:\Z - Saved SQL Databases\44OP-175775_CCMC_Doctors_Regional\JobDB.mdf,6
128,D:\Z - Saved SQL Databases\44OP-173466_TFC_IAQ_DSHS_DHT\JobDB.mdf,5
129,D:\Z - Saved SQL Databases\44OP-200081_Intel_AN4C_3A\JobDB.mdf,1
130,D:\Z - Saved SQL Databases\44OP-180310_SAMC_OR_Expansion\JobDB.mdf,6
131,D:\Z - Saved SQL Databases\44OP-197265_Baylor_Martin_Dorm\JobDB.mdf,18
132,D:\Z - Saved SQL Databases\44OP-180163_Baylor_Penland_Dining_RTU2\JobDB.mdf,3
133,D:\Z - Saved SQL Databases\44OP-187918_UT_TNH_HVAC_Proj_Ph_3\JobDB.mdf,7
134,D:\Z - Saved SQL Databases\44OP-209898 Deloitte 15_16 Floor\JobDB.mdf,3
135,D:\Z - Saved SQL Databases\44OP-182498_TXSU_Alkek\JobDB.mdf,4
136,D:\Z - Saved SQL Databases\44OP-184168_TFC_TCEQ_Park_35\JobDB.mdf,25
137,D:\Z - Saved SQL Databases\44OP-190124_TFC_DHOP_Central_Plant\JobDB.mdf,45
138,D:\Z - Saved SQL Databases\44OP-191435_BRIC_Olafsun_Lab\JobDB.mdf,5
139,D:\Z - Saved SQL Databases\44OP-185055_TFC_LBJ_4th_Reno\JobDB.mdf,3
140,D:\Z - Saved SQL Databases\44OP-195514_Seton_HL_Surgery_Reno\JobDB.mdf,5
141,D:\Z - Saved SQL Databases\44OP-179185_ACC_Highland_Reno\JobDB.mdf,22
142,D:\Z - Saved SQL Databases\44OP-179186_TFC_REJ\JobDB.mdf,101
143,D:\Z - Saved SQL Databases\44OP-172905_SDGH_ICU_Renovation\JobDB.mdf,14
144,D:\Z - Saved SQL Databases\44OP-211276_TXSU_UEC_Strahan\JobDB.mdf,49
145,D:\Z - Saved SQL Databases\44OP-207233_SAMC_ED\JobDB.mdf,1
146,D:\Z - Saved SQL Databases\44OP-173378_TFC_IAQ_P35-D\JobDB.mdf,12
147,D:\Z - Saved SQL Databases\44OP-195448_UTRGV_BV_Academic\JobDB.mdf,35
148,D:\Z - Saved SQL Databases\44OP-190763_TXSU_Strahan_AHU12\JobDB.mdf,1
149,D:\Z - Saved SQL Databases\44OP-208376_TFC_WBT_DM_2016\JobDB.mdf,114
150,D:\Z - Saved SQL Databases\44OP-183382_INS_ANNEX\JobDB.mdf,11
151,D:\Z - Saved SQL Databases\44OP-173714_Baylor_Penland_Dorm_Renovation\JobDB.mdf,13
152,D:\Z - Saved SQL Databases\44OP-191465_WPC_Migration\JobDB.mdf,33
153,D:\Z - Saved SQL Databases\44OP-200068_500_W_2nd-Google_Gates\JobDB.mdf,8
154,D:\Z - Saved SQL Databases\44OP-206348 Trammel Crow\JobDB.mdf,2
155,D:\Z - Saved SQL Databases\44OP-172014_Bell_County_FF\JobDB.mdf,202
156,D:\Z - Saved SQL Databases\44OP-189155_S&W_RR_MRI\JobDB.mdf,4
157,D:\Z - Saved SQL Databases\44OP-177481_FROST_PILLSBURY\JobDB.mdf,2
158,D:\Z - Saved SQL Databases\44OP-173487_TFC_IAQ_DSHS_RBB\JobDB.mdf,5
159,D:\Z - Saved SQL Databases\44OP-198971_REJ_Boiler_Plant\JobDB.mdf,11
160,D:\Z - Saved SQL Databases\44OP-172418_College Inn & Tower\JobDB.mdf,1
161,D:\Z - Saved SQL Databases\44OP-183355_MCC_CSC_Module_C_RTU_AAON\JobDB.mdf,7
162,D:\Z - Saved SQL Databases\44OP-193232_Baylor_Mary_Gibbs\JobDB.mdf,4
163,D:\Z - Saved SQL Databases\44OP-180454_TFC_WPC_OA_Units\JobDB.mdf,74
164,D:\Z - Saved SQL Databases\44OP-200068_500_W_2nd-Google_Gates Jamie Original\JobDB.mdf,1
165,D:\Z - Saved SQL Databases\44OP-208376_TFC_WBT_AHU_REPLACEMENT\JobDB.mdf,107
166,D:\Z - Saved SQL Databases\44OP-207921_Oracle_Waterfront\JobDB.mdf,257
167,D:\Z - Saved SQL Databases\44OP-190812_UT_Bio\JobDB.mdf,30
168,D:\Z - Saved SQL Databases\44OP-173492_TFC_IAQ_DSHS_DHR\JobDB.mdf,4
169,D:\Z - Saved SQL Databases\44OP-172954_SDMC_ICU_Vertical_Exp\JobDB.mdf,85
170,D:\Z - Saved SQL Databases\44OP-173014_Austin_Convention_Center\JobDB.mdf,9
171,D:\Z - Saved SQL Databases\44OP-180791_Baylor_BEC_Chiller_8_and_CT\JobDB.mdf,23
172,D:\Z - Saved SQL Databases\44OP-201622_TXSU_Library_Repository\JobDB.mdf,19
173,D:\Z - Saved SQL Databases\44OP-214947_TFC_WPC_Elevator_DM\JobDB.mdf,56
174,D:\Z - Saved SQL Databases\44OP-214804_ACC_Elgin_Vet_&_Ag\JobDB.mdf,4
175,D:\Z - Saved SQL Databases\44OP-240717_100_Congress_AHUReplacement\JobDB.mdf,9
176,D:\Z - Saved SQL Databases\44OP-227505_TFC_A600_Bio_Threat\JobDB.mdf,25
177,D:\Z - Saved SQL Databases\44OP-232081 DSMCUT Bronchoscopy\JobDB.mdf,24
178,D:\Z - Saved SQL Databases\44OP-224784_515_Congress_Lobby\JobDB.mdf,1
179,D:\Z - Saved SQL Databases\44OP-224013_TFC_REJ_Central_Plant\JobDB.mdf,26
180,D:\Z - Saved SQL Databases\44OP-252830 TXSU Supple Science Rm 112_116\JobDB.mdf,1
181,D:\Z - Saved SQL Databases\44OP-262004_ATT_Homestead_NLoop\JobDB.mdf,20
182,D:\Z - Saved SQL Databases\44OP-231531 St_Davids_32nd_South_Vertical Expansion\JobDB.mdf,23
183,D:\Z - Saved SQL Databases\44OP-244931_DSMCUT_Ambulance_Bay\JobDB.mdf,20
184,D:\Z - Saved SQL Databases\44OP-239983_TXSU_Supple_Science_Exh_Mods\JobDB.mdf,34
185,D:\Z - Saved SQL Databases\44OP-236997_Cerilliant_BAS_Retrofit-Chase\JobDB.mdf,23
186,D:\Z - Saved SQL Databases\44OP-239293_TXSU_Tower_Hall_BAS_Upgrade\JobDB.mdf,21
187,D:\Z - Saved SQL Databases\44OP-228631 TXSU Jowers AHU-14_17\JobDB.mdf,2
188,D:\Z - Saved SQL Databases\44OP-247866_Thermon\JobDB.mdf,3
189,D:\Z - Saved SQL Databases\44OP-211506_TFC_SFA_Bathroom Reno\JobDB.mdf,36
190,D:\Z - Saved SQL Databases\44OP-253914_Cirrus_Logic_Shoal_Creek_12th_Floor\JobDB.mdf,1
191,D:\Z - Saved SQL Databases\44OP-241413_Seton_SW_AHU3_Replacement\JobDB.mdf,3
192,D:\Z - Saved SQL Databases\44OP-218333 HCA Leander FSED\JobDB.mdf,9
193,D:\Z - Saved SQL Databases\44OP-257359 BTX4-BAU-Baylor Waco Hall ADA\JobDB.mdf,2
194,D:\Z - Saved SQL Databases\44OP-243177_VA_ITC_Chiller_Plant\JobDB.mdf,81
195,D:\Z - Saved SQL Databases\44OP-237947_SDGH_Rehab_Relo\JobDB.mdf,2
196,D:\Z - Saved SQL Databases\No_Name_9\JobDB.mdf,7
197,D:\Z - Saved SQL Databases\44OP-245029_TFC_TCEQ\JobDB.mdf,5
198,D:\Z - Saved SQL Databases\44OP-233491 SDMC 32nd North Tower Vertical Expansion\JobDB.mdf,15
199,D:\Z - Saved SQL Databases\44OP-212618_SDMC_ENDOSCOPY\JobDB.mdf,4
200,D:\Z - Saved SQL Databases\44OP-255456 GARDNER BETTS BAS SYSTEM UPGRADE\JobDB.mdf,40
201,D:\Z - Saved SQL Databases\44OP-237829_BSS_AUS_Seton_HL_EDExp\JobDB.mdf,3
202,D:\Z - Saved SQL Databases\44OP-240467_TFC_WPH_VAV_Replacement\JobDB.mdf,72
203,D:\Z - Saved SQL Databases\44OP-250900_401_Congress_27th_Floor\JobDB.mdf,1
204,D:\Z - Saved SQL Databases\44OP-236997_Cerilliant_BAS_Retrofit\JobDB.mdf,23
205,D:\Z - Saved SQL Databases\44OP-211506_TFC_SFA_Repl_DM2016\JobDB.mdf,81
206,D:\Z - Saved SQL Databases\44OP-248386_NAMC_DA_Tank\JobDB.mdf,12
207,D:\Z - Saved SQL Databases\44OP-212314_TXSU_Eng_Science\JobDB.mdf,5
208,D:\Z - Saved SQL Databases\44OP-223503_St_Davids_Surgery_Center\JobDB.mdf,40
209,D:\Z - Saved SQL Databases\44OP-246430_TFC_HHSC_BLDG_K\JobDB.mdf,1
210,D:\Z - Saved SQL Databases\44OP-255709_TFC_WPC_AHU_Replacement\JobDB.mdf,79
211,D:\Z - Saved SQL Databases\44OP-263742-AUS_TFC_TRC_Renovation\JobDB.mdf,0
212,D:\Z - Saved SQL Databases\44OP-215972_ACC_RoundRock\JobDB.mdf,152
213,D:\Z - Saved SQL Databases\44OP-260716_TXST Cogen Central Plant CH-4\JobDB.mdf,26
214,D:\Z - Saved SQL Databases\44OP-239338_ACC_Bond_Rio_Grande_Retro\JobDB.mdf,84
215,D:\Z - Saved SQL Databases\44OP-249604_TXSU_Alkek_AHU_Modifications\JobDB.mdf,30
216,D:\Z - Saved SQL Databases\44OP-250965_Courtyard_Marriott_Kitchen_MAU_Retrofit\JobDB.mdf,3
217,D:\Z - Saved SQL Databases\44OP-245351_Gardner_Betts_AHU_5_7-Chase\JobDB.mdf,2
218,D:\Z - Saved SQL Databases\44OP-224233 DCMC Behavioral Health\JobDB.mdf,18
219,D:\Z - Saved SQL Databases\44OP-263957 TXSU Theater Reno\JobDB.mdf,33
220,D:\Z - Saved SQL Databases\44OP-211506_TFC_SFA_AHU_Rplmnt\JobDB.mdf,45
221,D:\Z - Saved SQL Databases\44OP-259693_Seton_SW_OAHU\JobDB.mdf,5
222,D:\Z - Saved SQL Databases\44OP-263047_UT_EERC_Vibration\JobDB.mdf,3
223,D:\Z - Saved SQL Databases\44OP-243013_St_Davids_CC_Expansion\JobDB.mdf,1
224,D:\Z - Saved SQL Databases\44OP-236582_TFC_WPC_Garage\JobDB.mdf,1
225,D:\Z - Saved SQL Databases\44OP-260593_HCA_NWMC_ED_AHU\JobDB.mdf,2
226,D:\Z - Saved SQL Databases\44OP-246728_TXSU_Chemistry_Bldg_Reno\JobDB.mdf,1
227,D:\Z - Saved SQL Databases\44OP-244688-BSP_Cerilliant_Synthesis_Lab\JobDB.mdf,56
228,D:\Z - Saved SQL Databases\44OP-241086_EERC_Freeman_Reno\JobDB.mdf,9
229,D:\Z - Saved SQL Databases\44OP-262509-Baylor_Goebel_Lab_2018_renovation\JobDB.mdf,2
230,D:\Z - Saved SQL Databases\44OP-245797_NAMC_Outpatient_Imaging\JobDB.mdf,10
231,D:\Z - Saved SQL Databases\44OP-253849_TFC_SHB_RM140\JobDB.mdf,3
232,D:\Z - Saved SQL Databases\44OP-235919_MCC_Central_Plant\JobDB.mdf,37
233,D:\Z - Saved SQL Databases\44OP-245597_JH_Winters_AHU_Reno\JobDB.mdf,22
234,D:\Z - Saved SQL Databases\44OP-247050_GW23_Google_IV_14_20_21\JobDB.mdf,6
235,D:\Z - Saved SQL Databases\_old_44OP-134749_ACC_JCP_Highland_Mall\JobDB.mdf,22
236,D:\Z - Saved SQL Databases\44OP-260186_Seton_HL_Chiller\JobDB.mdf,5
237,D:\Z - Saved SQL Databases\44OP-228664_UT_Welch_Hall_Reno\JobDB.mdf,141
238,D:\Z - Saved SQL Databases\44OP-213878_TXSU_HP1\JobDB.mdf,95
239,D:\Z - Saved SQL Databases\44OP-221756_ACC_Hayes_Ph2\JobDB.mdf,26
240,D:\Z - Saved SQL Databases\44OP-231541_MTEM_2017\JobDB.mdf,77
241,D:\Z - Saved SQL Databases\44OP-260688_HCA_NWMC_Boiler_Rep\JobDB.mdf,9
242,D:\Z - Saved SQL Databases\44OP-245696_TXSU_LBJ_Student_Center_Expansion\JobDB.mdf,11
243,D:\Z - Saved SQL Databases\44OP-237860_Intel_AN4_AVC_Lab\JobDB.mdf,8
244,D:\Z - Saved SQL Databases\44OP-223240 GW23 Flower Child\JobDB.mdf,1
245,D:\Z - Saved SQL Databases\44OP-237617_GW23_Google_Phase_3_21_23\JobDB.mdf,19
246,D:\Z - Saved SQL Databases\44OP-220099_TAMU_CT_Bldg3\JobDB.mdf,34
247,D:\Z - Saved SQL Databases\44OP-234662_MTEM_AHU-9_FF\JobDB.mdf,2
248,D:\Z - Saved SQL Databases\44OP-211506_TFC_SFA_DOAU_REPLACEMENT\JobDB.mdf,75
249,D:\Z - Saved SQL Databases\44OP-246935_ACC_Highland_Mall_Garage\JobDB.mdf,1
250,D:\Z - Saved SQL Databases\44OP-258960_Seton_Luling_RTU-5\JobDB.mdf,1
251,D:\Z - Saved SQL Databases\44OP-258957_TXSU_FCS_Vivarium\JobDB.mdf,7
252,D:\Z - Saved SQL Databases\44OP-214947_TFC_WPC_Elevator_DM_CO3\JobDB.mdf,8
253,D:\Z - Saved SQL Databases\44OP-215972_ACC_RoundRock_OLD\JobDB.mdf,88
254,D:\Z - Saved SQL Databases\44OP-259329-TFC_DROC_2018_DM\JobDB.mdf,2
255,D:\Z - Saved SQL Databases\44OP-232590_ACC_Highland_Phase_II\JobDB.mdf,168
256,D:\Z - Saved SQL Databases\44OP-226688 GW23 North Italia\JobDB.mdf,6
